{
  "$schema": "https://schema.management.azure.com/schemas/2015-01-01/deploymentTemplate.json#",
  "contentVersion": "1.0.0.0",
  "parameters": {
    "adminUsername": {
      "type": "string",
      "metadata": {
        "description": "Username for the Virtual Machine."
      }
    },
    "adminPassword": {
      "type": "securestring",
      "metadata": {
        "description": "Password for the Virtual Machine."
      }
    },
    "dnsLabelPrefix": {
      "type": "string",
      "metadata": {
        "description": "Unique DNS Name for the Public IP used to access the Virtual Machine."
      }
    },
    "windowsOSVersion": {
      "type": "string",
      "defaultValue": "2016-Datacenter",
      "allowedValues": [
        "2008-R2-SP1",
        "2012-Datacenter",
        "2012-R2-Datacenter",
        "2016-Nano-Server",
        "2016-Datacenter-with-Containers",
        "2016-Datacenter"
      ],
      "metadata": {
        "description": "The Windows version for the VM. This will pick a fully patched image of this given Windows version."
      }
    },
    "workspaceId": {
      "type": "string",
      "metadata": {
        "description": "The Workspace ID is the Operations Management Suite Workspace ID found in the OMS Console under Settings and Connected Sources"
      }
    },
    "workspaceKey": {
      "type": "string",
      "metadata": {
        "description": "The Workspace Key is the Operations Management Suite Workspace Key found in the OMS Console under Settings and Connected Sources"
      }
    }
  },
  "variables": {
    "storageAccountName": "[concat(uniquestring(resourceGroup().id), 'sawinvm')]",
    "nicName": "myVMNic",
    "addressPrefix": "10.0.0.0/16",
    "subnetName": "Subnet",
    "subnetPrefix": "10.0.0.0/24",
    "publicIPAddressName": "myPublicIP",
    "vmName": "SimpleWindowsVM",
    "virtualNetworkName": "MyVNET",
    "subnetRef": "[resourceId('Microsoft.Network/virtualNetworks/subnets', variables('virtualNetworkName'), variables('subnetName'))]",
    "diagnosticsStorageAccountName": "[variables('storageAccountName')]",
    "diagnosticsStorageAccountResourceGroup": "[resourceGroup().name]",
    "accountid": "[concat('/subscriptions/', subscription().subscriptionId, '/resourceGroups/', variables('diagnosticsStorageAccountResourceGroup'), '/providers/', 'Microsoft.Storage/storageAccounts/', variables('diagnosticsStorageAccountName'))]",
    "wadmetricsresourceid": "[concat('/subscriptions/', subscription().subscriptionId, '/resourceGroups/', resourceGroup().name , '/providers/', 'Microsoft.Compute/virtualMachines/')]"
  },
  "resources": [
    {
      "type": "Microsoft.Storage/storageAccounts",
      "name": "[variables('storageAccountName')]",
      "apiVersion": "2016-01-01",
      "location": "[resourceGroup().location]",
      "sku": {
        "name": "Standard_LRS"
      },
      "kind": "Storage",
      "properties": {}
    },
    {
      "apiVersion": "2016-03-30",
      "type": "Microsoft.Network/publicIPAddresses",
      "name": "[variables('publicIPAddressName')]",
      "location": "[resourceGroup().location]",
      "properties": {
        "publicIPAllocationMethod": "Dynamic",
        "dnsSettings": {
          "domainNameLabel": "[parameters('dnsLabelPrefix')]"
        }
      }
    },
    {
      "apiVersion": "2016-03-30",
      "type": "Microsoft.Network/virtualNetworks",
      "name": "[variables('virtualNetworkName')]",
      "location": "[resourceGroup().location]",
      "properties": {
        "addressSpace": {
          "addressPrefixes": [
            "[variables('addressPrefix')]"
          ]
        },
        "subnets": [
          {
            "name": "[variables('subnetName')]",
            "properties": {
              "addressPrefix": "[variables('subnetPrefix')]"
            }
          }
        ]
      }
    },
    {
      "apiVersion": "2016-03-30",
      "type": "Microsoft.Network/networkInterfaces",
      "name": "[variables('nicName')]",
      "location": "[resourceGroup().location]",
      "dependsOn": [
        "[resourceId('Microsoft.Network/publicIPAddresses/', variables('publicIPAddressName'))]",
        "[resourceId('Microsoft.Network/virtualNetworks/', variables('virtualNetworkName'))]"
      ],
      "properties": {
        "ipConfigurations": [
          {
            "name": "ipconfig1",
            "properties": {
              "privateIPAllocationMethod": "Dynamic",
              "publicIPAddress": {
                "id": "[resourceId('Microsoft.Network/publicIPAddresses',variables('publicIPAddressName'))]"
              },
              "subnet": {
                "id": "[variables('subnetRef')]"
              }
            }
          }
        ]
      }
    },
    {
      "apiVersion": "2015-06-15",
      "type": "Microsoft.Compute/virtualMachines",
      "name": "[variables('vmName')]",
      "location": "[resourceGroup().location]",
      "dependsOn": [
        "[resourceId('Microsoft.Storage/storageAccounts/', variables('storageAccountName'))]",
        "[resourceId('Microsoft.Network/networkInterfaces/', variables('nicName'))]"
      ],
      "properties": {
        "hardwareProfile": {
          "vmSize": "Standard_D1"
        },
        "osProfile": {
          "computerName": "[variables('vmName')]",
          "adminUsername": "[parameters('adminUsername')]",
          "adminPassword": "[parameters('adminPassword')]"
        },
        "storageProfile": {
          "imageReference": {
            "publisher": "MicrosoftWindowsServer",
            "offer": "WindowsServer",
            "sku": "[parameters('windowsOSVersion')]",
            "version": "latest"
          },
          "osDisk": {
            "name": "osdisk",
            "vhd": {
              "uri": "[concat(reference(resourceId('Microsoft.Storage/storageAccounts/', variables('storageAccountName'))).primaryEndpoints.blob, 'vhds/osdisk.vhd')]"
            },
            "caching": "ReadWrite",
            "createOption": "FromImage"
          },
          "dataDisks": [
            {
              "name": "datadisk1",
              "diskSizeGB": "100",
              "lun": 0,
              "vhd": {
                "uri": "[concat(reference(resourceId('Microsoft.Storage/storageAccounts/', variables('storageAccountName'))).primaryEndpoints.blob, 'vhds/datadisk1.vhd')]"
              },
              "createOption": "Empty"
            }
          ]
        },
        "networkProfile": {
          "networkInterfaces": [
            {
              "id": "[resourceId('Microsoft.Network/networkInterfaces',variables('nicName'))]"
            }
          ]
        },
        "diagnosticsProfile": {
          "bootDiagnostics": {
            "enabled": "true",
            "storageUri": "[reference(resourceId('Microsoft.Storage/storageAccounts/', variables('storageAccountName'))).primaryEndpoints.blob]"
          }
        }
      },
      "resources": [
        {
          "name": "Microsoft.EnterpriseCloud.Monitoring",
          "type": "extensions",
          "location": "[resourceGroup().location]",
          "apiVersion": "2015-06-15",
          "dependsOn": [
            "[resourceId('Microsoft.Compute/virtualMachines', variables('vmName'))]"
          ],
          "tags": {
            "displayName": "omsAgent"
          },
          "properties": {
            "publisher": "Microsoft.EnterpriseCloud.Monitoring",
            "type": "MicrosoftMonitoringAgent",
            "typeHandlerVersion": "1.0",
            "autoUpgradeMinorVersion": true,
            "settings": {
              "workspaceId": "[parameters('workspaceId')]"
            },
            "protectedSettings": {
              "workspaceKey": "[parameters('workspaceKey')]"
            }
          }
        },
        {
          "name": "Microsoft.Insights.VMDiagnosticsSettings",
          "type": "extensions",
          "location": "[resourceGroup().location]",
          "apiVersion": "2015-06-15",
          "dependsOn": [
            "[resourceId('Microsoft.Compute/virtualMachines', variables('vmName'))]"
          ],
          "tags": {
            "displayName": "iassDiag"
          },
          "properties": {
            "publisher": "Microsoft.Azure.Diagnostics",
            "type": "IaaSDiagnostics",
            "typeHandlerVersion": "1.5",
            "autoUpgradeMinorVersion": true,
            "settings": {
              "WadCfg": {
                "DiagnosticMonitorConfiguration": {
                  "overallQuotaInMB": "4096",
                  "DiagnosticInfrastructureLogs": {
                    "scheduledTransferLogLevelFilter": "Error"
                  },
                  "WindowsEventLog": {
                    "scheduledTransferPeriod": "PT1M",
                    "DataSource": [
                      {
                        "name": "Application!*[System[(Level = 1) or (Level = 2)]]"
                      },
                      {
                        "name": "Security!*[System[(Level = 1 or Level = 2)]]"
                      },
                      {
                        "name": "System!*[System[(Level = 1 or Level = 2)]]"
                      }
                    ]
                  },
                  "PerformanceCounters": {
                    "scheduledTransferPeriod": "PT1M",
                    "PerformanceCounterConfiguration": [
                      {
                        "counterSpecifier": "\\Processor(_Total)\\% Processor Time",
                        "sampleRate": "PT15S",
                        "unit": "Percent",
                        "annotation": [
                          {
                            "displayName": "CPU utilization",
                            "locale": "en-us"
                          }
                        ]
                      },
                      {
                        "counterSpecifier": "\\Processor(_Total)\\% Privileged Time",
                        "sampleRate": "PT15S",
                        "unit": "Percent",
                        "annotation": [
                          {
                            "displayName": "CPU privileged time",
                            "locale": "en-us"
                          }
                        ]
                      },
                      {
                        "counterSpecifier": "\\Processor(_Total)\\% User Time",
                        "sampleRate": "PT15S",
                        "unit": "Percent",
                        "annotation": [
                          {
                            "displayName": "CPU user time",
                            "locale": "en-us"
                          }
                        ]
                      },
                      {
                        "counterSpecifier": "\\Processor Information(_Total)\\Processor Frequency",
                        "sampleRate": "PT15S",
                        "unit": "Count",
                        "annotation": [
                          {
                            "displayName": "CPU frequency",
                            "locale": "en-us"
                          }
                        ]
                      },
                      {
                        "counterSpecifier": "\\System\\Processes",
                        "sampleRate": "PT15S",
                        "unit": "Count",
                        "annotation": [
                          {
                            "displayName": "Processes",
                            "locale": "en-us"
                          }
                        ]
                      },
                      {
                        "counterSpecifier": "\\Process(_Total)\\Thread Count",
                        "sampleRate": "PT15S",
                        "unit": "Count",
                        "annotation": [
                          {
                            "displayName": "Threads",
                            "locale": "en-us"
                          }
                        ]
                      },
                      {
                        "counterSpecifier": "\\Process(_Total)\\Handle Count",
                        "sampleRate": "PT15S",
                        "unit": "Count",
                        "annotation": [
                          {
                            "displayName": "Handles",
                            "locale": "en-us"
                          }
                        ]
                      },
                      {
                        "counterSpecifier": "\\Memory\\% Committed Bytes In Use",
                        "sampleRate": "PT15S",
                        "unit": "Percent",
                        "annotation": [
                          {
                            "displayName": "Memory usage",
                            "locale": "en-us"
                          }
                        ]
                      },
                      {
                        "counterSpecifier": "\\Memory\\Available Bytes",
                        "sampleRate": "PT15S",
                        "unit": "Bytes",
                        "annotation": [
                          {
                            "displayName": "Memory available",
                            "locale": "en-us"
                          }
                        ]
                      },
                      {
                        "counterSpecifier": "\\Memory\\Committed Bytes",
                        "sampleRate": "PT15S",
                        "unit": "Bytes",
                        "annotation": [
                          {
                            "displayName": "Memory committed",
                            "locale": "en-us"
                          }
                        ]
                      },
                      {
                        "counterSpecifier": "\\Memory\\Commit Limit",
                        "sampleRate": "PT15S",
                        "unit": "Bytes",
                        "annotation": [
                          {
                            "displayName": "Memory commit limit",
                            "locale": "en-us"
                          }
                        ]
                      },
                      {
                        "counterSpecifier": "\\PhysicalDisk(_Total)\\% Disk Time",
                        "sampleRate": "PT15S",
                        "unit": "Percent",
                        "annotation": [
                          {
                            "displayName": "Disk active time",
                            "locale": "en-us"
                          }
                        ]
                      },
                      {
                        "counterSpecifier": "\\PhysicalDisk(_Total)\\% Disk Read Time",
                        "sampleRate": "PT15S",
                        "unit": "Percent",
                        "annotation": [
                          {
                            "displayName": "Disk active read time",
                            "locale": "en-us"
                          }
                        ]
                      },
                      {
                        "counterSpecifier": "\\PhysicalDisk(_Total)\\% Disk Write Time",
                        "sampleRate": "PT15S",
                        "unit": "Percent",
                        "annotation": [
                          {
                            "displayName": "Disk active write time",
                            "locale": "en-us"
                          }
                        ]
                      },
                      {
                        "counterSpecifier": "\\PhysicalDisk(_Total)\\Disk Transfers/sec",
                        "sampleRate": "PT15S",
                        "unit": "CountPerSecond",
                        "annotation": [
                          {
                            "displayName": "Disk operations",
                            "locale": "en-us"
                          }
                        ]
                      },
                      {
                        "counterSpecifier": "\\PhysicalDisk(_Total)\\Disk Reads/sec",
                        "sampleRate": "PT15S",
                        "unit": "CountPerSecond",
                        "annotation": [
                          {
                            "displayName": "Disk read operations",
                            "locale": "en-us"
                          }
                        ]
                      },
                      {
                        "counterSpecifier": "\\PhysicalDisk(_Total)\\Disk Writes/sec",
                        "sampleRate": "PT15S",
                        "unit": "CountPerSecond",
                        "annotation": [
                          {
                            "displayName": "Disk write operations",
                            "locale": "en-us"
                          }
                        ]
                      },
                      {
                        "counterSpecifier": "\\PhysicalDisk(_Total)\\Disk Bytes/sec",
                        "sampleRate": "PT15S",
                        "unit": "BytesPerSecond",
                        "annotation": [
                          {
                            "displayName": "Disk speed",
                            "locale": "en-us"
                          }
                        ]
                      },
                      {
                        "counterSpecifier": "\\PhysicalDisk(_Total)\\Disk Read Bytes/sec",
                        "sampleRate": "PT15S",
                        "unit": "BytesPerSecond",
                        "annotation": [
                          {
                            "displayName": "Disk read speed",
                            "locale": "en-us"
                          }
                        ]
                      },
                      {
                        "counterSpecifier": "\\PhysicalDisk(_Total)\\Disk Write Bytes/sec",
                        "sampleRate": "PT15S",
                        "unit": "BytesPerSecond",
                        "annotation": [
                          {
                            "displayName": "Disk write speed",
                            "locale": "en-us"
                          }
                        ]
                      },
                      {
                        "counterSpecifier": "\\LogicalDisk(_Total)\\% Free Space",
                        "sampleRate": "PT15S",
                        "unit": "Percent",
                        "annotation": [
                          {
                            "displayName": "Disk free space (percentage)",
                            "locale": "en-us"
                          }
                        ]
                      }
                    ]
                  },
                  "Metrics": {
                    "resourceId": "[concat(variables('wadmetricsresourceid'), variables('vmName'))]",
                    "MetricAggregation": [
                      {
                        "scheduledTransferPeriod": "PT1H"
                      },
                      {
                        "scheduledTransferPeriod": "PT1M"
                      }
                    ]
                  }
                }
              },
              "storageAccount": "[variables('diagnosticsStorageAccountName')]"
            },
            "protectedSettings": {
              "storageAccountName": "[variables('diagnosticsStorageAccountName')]",
              "storageAccountKey": "[listkeys(variables('accountid'), '2015-06-15').key1]",
              "storageAccountEndPoint": "https://core.windows.net"
            }
          }
        },
        {
          "type": "extensions",
          "name": "Microsoft.Antimalware",
          "apiVersion": "2016-03-30",
          "location": "[resourceGroup().location]",
          "dependsOn": [
            "[concat('Microsoft.Compute/virtualMachines/', variables('vmName'))]"
          ],
          "properties": {
            "publisher": "Microsoft.Azure.Security",
            "autoUpgradeMinorVersion": true,
            "type": "IaaSAntimalware",
            "typeHandlerVersion": "1.3",
            "settings": {
              "AntimalwareEnabled": true,
              "Exclusions": {
                "Paths": "",
                "Extensions": "",
                "Processes": ""
              },
              "RealtimeProtectionEnabled": "true",
              "ScheduledScanSettings": {
                "isEnabled": "false",
                "scanType": "Quick",
                "day": "7",
                "time": "120"
              }
            },
            "protectedSettings": null
          }
        }

      ]
    },
  ],
  "outputs": {
    "hostname": {
      "type": "string",
      "value": "[reference(variables('publicIPAddressName')).dnsSettings.fqdn]"
    }
  }
}
